,category,precision_@0.5IOU,recall_@0.5IOU
0,knife,0.78125,0.9259259259259259
1,gun,0.9166666666666666,0.8918918918918919
2,none,1.0,0.7
3,none2,0.6,0.6428571428571429
4,none3,0.6818181818181818,0.8333333333333334
